{
  "test_accuracy": 0.7982456140350878,
  "test_macro_f1": 0.7503592696791809,
  "test_macro_precision": 0.7803687729395719,
  "test_macro_recall": 0.7445165626869256,
  "n_test_examples": 228,
  "per_class": {
    "21": {
      "precision": 0.8,
      "recall": 0.7272727272727273,
      "f1-score": 0.7619047619047619,
      "support": 11.0
    },
    "24": {
      "precision": 0.6666666666666666,
      "recall": 0.7692307692307693,
      "f1-score": 0.7142857142857143,
      "support": 13.0
    },
    "25": {
      "precision": 0.8333333333333334,
      "recall": 0.5,
      "f1-score": 0.625,
      "support": 10.0
    },
    "25-EM": {
      "precision": 0.75,
      "recall": 0.6,
      "f1-score": 0.6666666666666666,
      "support": 15.0
    },
    "27": {
      "precision": 0.9032258064516129,
      "recall": 0.9032258064516129,
      "f1-score": 0.9032258064516129,
      "support": 31.0
    },
    "28": {
      "precision": 1.0,
      "recall": 0.8,
      "f1-score": 0.8888888888888888,
      "support": 5.0
    },
    "29": {
      "precision": 0.5714285714285714,
      "recall": 0.8,
      "f1-score": 0.6666666666666666,
      "support": 10.0
    },
    "32": {
      "precision": 0.9302325581395349,
      "recall": 0.9090909090909091,
      "f1-score": 0.9195402298850575,
      "support": 44.0
    },
    "34": {
      "precision": 0.8,
      "recall": 0.8,
      "f1-score": 0.8,
      "support": 5.0
    },
    "35": {
      "precision": 0.9230769230769231,
      "recall": 0.9230769230769231,
      "f1-score": 0.9230769230769231,
      "support": 13.0
    },
    "36": {
      "precision": 0.7777777777777778,
      "recall": 0.7777777777777778,
      "f1-score": 0.7777777777777778,
      "support": 9.0
    },
    "49": {
      "precision": 0.8,
      "recall": 1.0,
      "f1-score": 0.8888888888888888,
      "support": 4.0
    },
    "52": {
      "precision": 0.6190476190476191,
      "recall": 0.8125,
      "f1-score": 0.7027027027027027,
      "support": 16.0
    },
    "71": {
      "precision": 0.7777777777777778,
      "recall": 0.7567567567567568,
      "f1-score": 0.7671232876712328,
      "support": 37.0
    },
    "78": {
      "precision": 1.0,
      "recall": 0.5,
      "f1-score": 0.6666666666666666,
      "support": 2.0
    },
    "79": {
      "precision": 0.3333333333333333,
      "recall": 0.3333333333333333,
      "f1-score": 0.3333333333333333,
      "support": 3.0
    },
    "accuracy": 0.7982456140350878,
    "macro avg": {
      "precision": 0.7803687729395719,
      "recall": 0.7445165626869256,
      "f1-score": 0.7503592696791809,
      "support": 228.0
    },
    "weighted avg": {
      "precision": 0.8095484998024778,
      "recall": 0.7982456140350878,
      "f1-score": 0.7982598318802108,
      "support": 228.0
    }
  },
  "prd_target_accuracy": 0.8,
  "meets_prd_target": false
}